column_name,xpath
version,/iati-activities/@version
generated_datetime,/iati-activities/@generated-datetime
linked_data_default,/iati-activities/@linked-data-default
last_updated_datetime,/iati-activities/iati-activity/@last-updated-datetime
default_currency,/iati-activities/iati-activity/@default-currency
humanitarian,/iati-activities/iati-activity/@humanitarian
hierarchy,/iati-activities/iati-activity/@hierarchy
linked_data_uri,/iati-activities/iati-activity/@linked-data-uri
budget_not_provided,/iati-activities/iati-activity/@budget-not-provided
iati_identifier,/iati-activities/iati-activity/iati-identifier/text()
reporting_org_ref,/iati-activities/iati-activity/reporting-org/@ref
reporting_org_type,/iati-activities/iati-activity/reporting-org/@type
reporting_org_secondary_reporter,/iati-activities/iati-activity/reporting-org/@secondary-reporter
reporting_org_narrative_xml:lang,/iati-activities/iati-activity/reporting-org/narrative/@xml:lang
reporting_org_narrative,/iati-activities/iati-activity/reporting-org/narrative/text()
title_narrative_xml:lang,/iati-activities/iati-activity/title/narrative/@xml:lang
title_narrative,/iati-activities/iati-activity/title/narrative/text()
description_type,/iati-activities/iati-activity/description/@type
description_narrative_xml:lang,/iati-activities/iati-activity/description/narrative/@xml:lang
description_narrative,/iati-activities/iati-activity/description/narrative/text()
participating_org_ref,/iati-activities/iati-activity/participating-org/@ref
participating_org_type,/iati-activities/iati-activity/participating-org/@type
participating_org_role,/iati-activities/iati-activity/participating-org/@role
participating_org_activity_id,/iati-activities/iati-activity/participating-org/@activity-id
participating_org_crs_channel_code,/iati-activities/iati-activity/participating-org/@crs-channel-code
participating_org_narrative_xml:lang,/iati-activities/iati-activity/participating-org/narrative/@xml:lang
participating_org_narrative,/iati-activities/iati-activity/participating-org/narrative/text()
other_identifier_ref,/iati-activities/iati-activity/other-identifier/@ref
other_identifier_type,/iati-activities/iati-activity/other-identifier/@type
other_identifier_owner_org_ref,/iati-activities/iati-activity/other-identifier/owner-org/@ref
other_identifier_owner_org_narrative_xml:lang,/iati-activities/iati-activity/other-identifier/owner-org/narrative/@xml:lang
other_identifier_owner_org_narrative,/iati-activities/iati-activity/other-identifier/owner-org/narrative/text()
activity_status_code,/iati-activities/iati-activity/activity-status/@code
activity_status,/iati-activities/iati-activity/activity-status/text()
activity_date_type,/iati-activities/iati-activity/activity-date/@type
activity_date_iso_date,/iati-activities/iati-activity/activity-date/@iso-date
activity_date_narrative_xml:lang,/iati-activities/iati-activity/activity-date/narrative/@xml:lang
activity_date_narrative,/iati-activities/iati-activity/activity-date/narrative/text()
contact_info_type,/iati-activities/iati-activity/contact-info/@type
contact_info_organisation_narrative_xml:lang,/iati-activities/iati-activity/contact-info/organisation/narrative/@xml:lang
contact_info_organisation_narrative,/iati-activities/iati-activity/contact-info/organisation/narrative/text()
contact_info_department_narrative_xml:lang,/iati-activities/iati-activity/contact-info/department/narrative/@xml:lang
contact_info_department_narrative,/iati-activities/iati-activity/contact-info/department/narrative/text()
contact_info_person_name_narrative_xml:lang,/iati-activities/iati-activity/contact-info/person-name/narrative/@xml:lang
contact_info_person_name_narrative,/iati-activities/iati-activity/contact-info/person-name/narrative/text()
contact_info_job_title_narrative_xml:lang,/iati-activities/iati-activity/contact-info/job-title/narrative/@xml:lang
contact_info_job_title_narrative,/iati-activities/iati-activity/contact-info/job-title/narrative/text()
contact_info_telephone,/iati-activities/iati-activity/contact-info/telephone/text()
contact_info_email,/iati-activities/iati-activity/contact-info/email/text()
contact_info_website,/iati-activities/iati-activity/contact-info/website/text()
contact_info_mailing_address_narrative_xml:lang,/iati-activities/iati-activity/contact-info/mailing-address/narrative/@xml:lang
contact_info_mailing_address_narrative,/iati-activities/iati-activity/contact-info/mailing-address/narrative/text()
activity_scope_code,/iati-activities/iati-activity/activity-scope/@code
activity_scope,/iati-activities/iati-activity/activity-scope/text()
recipient_country_code,/iati-activities/iati-activity/recipient-country/@code
recipient_country_percentage,/iati-activities/iati-activity/recipient-country/@percentage
recipient_country_narrative_xml:lang,/iati-activities/iati-activity/recipient-country/narrative/@xml:lang
recipient_country_narrative,/iati-activities/iati-activity/recipient-country/narrative/text()
recipient_region_code,/iati-activities/iati-activity/recipient-region/@code
recipient_region_vocabulary,/iati-activities/iati-activity/recipient-region/@vocabulary
recipient_region_vocabulary_uri,/iati-activities/iati-activity/recipient-region/@vocabulary-uri
recipient_region_percentage,/iati-activities/iati-activity/recipient-region/@percentage
recipient_region_narrative_xml:lang,/iati-activities/iati-activity/recipient-region/narrative/@xml:lang
recipient_region_narrative,/iati-activities/iati-activity/recipient-region/narrative/text()
location_ref,/iati-activities/iati-activity/location/@ref
location_location_reach_code,/iati-activities/iati-activity/location/location-reach/@code
location_location_reach,/iati-activities/iati-activity/location/location-reach/text()
location_location_id_code,/iati-activities/iati-activity/location/location-id/@code
location_location_id_vocabulary,/iati-activities/iati-activity/location/location-id/@vocabulary
location_location_id,/iati-activities/iati-activity/location/location-id/text()
location_name_narrative_xml:lang,/iati-activities/iati-activity/location/name/narrative/@xml:lang
location_name_narrative,/iati-activities/iati-activity/location/name/narrative/text()
location_description_narrative_xml:lang,/iati-activities/iati-activity/location/description/narrative/@xml:lang
location_description_narrative,/iati-activities/iati-activity/location/description/narrative/text()
location_activity_description_narrative_xml:lang,/iati-activities/iati-activity/location/activity-description/narrative/@xml:lang
location_activity_description_narrative,/iati-activities/iati-activity/location/activity-description/narrative/text()
location_administrative_code,/iati-activities/iati-activity/location/administrative/@code
location_administrative_vocabulary,/iati-activities/iati-activity/location/administrative/@vocabulary
location_administrative_level,/iati-activities/iati-activity/location/administrative/@level
location_administrative,/iati-activities/iati-activity/location/administrative/text()
location_point_srsName,/iati-activities/iati-activity/location/point/@srsName
location_point_pos,/iati-activities/iati-activity/location/point/pos/text()
location_exactness_code,/iati-activities/iati-activity/location/exactness/@code
location_exactness,/iati-activities/iati-activity/location/exactness/text()
location_location_class_code,/iati-activities/iati-activity/location/location-class/@code
location_location_class,/iati-activities/iati-activity/location/location-class/text()
location_feature_designation_code,/iati-activities/iati-activity/location/feature-designation/@code
location_feature_designation,/iati-activities/iati-activity/location/feature-designation/text()
sector_vocabulary,/iati-activities/iati-activity/sector/@vocabulary
sector_vocabulary_uri,/iati-activities/iati-activity/sector/@vocabulary-uri
sector_code,/iati-activities/iati-activity/sector/@code
sector_percentage,/iati-activities/iati-activity/sector/@percentage
sector_narrative_xml:lang,/iati-activities/iati-activity/sector/narrative/@xml:lang
sector_narrative,/iati-activities/iati-activity/sector/narrative/text()
tag_code,/iati-activities/iati-activity/tag/@code
tag_vocabulary,/iati-activities/iati-activity/tag/@vocabulary
tag_vocabulary_uri,/iati-activities/iati-activity/tag/@vocabulary-uri
tag_narrative_xml:lang,/iati-activities/iati-activity/tag/narrative/@xml:lang
tag_narrative,/iati-activities/iati-activity/tag/narrative/text()
country_budget_items_vocabulary,/iati-activities/iati-activity/country-budget-items/@vocabulary
country_budget_items_budget_item_code,/iati-activities/iati-activity/country-budget-items/budget-item/@code
country_budget_items_budget_item_percentage,/iati-activities/iati-activity/country-budget-items/budget-item/@percentage
country_budget_items_budget_item_description_narrative_xml:lang,/iati-activities/iati-activity/country-budget-items/budget-item/description/narrative/@xml:lang
country_budget_items_budget_item_description_narrative,/iati-activities/iati-activity/country-budget-items/budget-item/description/narrative/text()
humanitarian_scope_type,/iati-activities/iati-activity/humanitarian-scope/@type
humanitarian_scope_vocabulary,/iati-activities/iati-activity/humanitarian-scope/@vocabulary
humanitarian_scope_vocabulary_uri,/iati-activities/iati-activity/humanitarian-scope/@vocabulary-uri
humanitarian_scope_code,/iati-activities/iati-activity/humanitarian-scope/@code
humanitarian_scope_narrative_xml:lang,/iati-activities/iati-activity/humanitarian-scope/narrative/@xml:lang
humanitarian_scope_narrative,/iati-activities/iati-activity/humanitarian-scope/narrative/text()
policy_marker_vocabulary,/iati-activities/iati-activity/policy-marker/@vocabulary
policy_marker_vocabulary_uri,/iati-activities/iati-activity/policy-marker/@vocabulary-uri
policy_marker_code,/iati-activities/iati-activity/policy-marker/@code
policy_marker_significance,/iati-activities/iati-activity/policy-marker/@significance
policy_marker_narrative_xml:lang,/iati-activities/iati-activity/policy-marker/narrative/@xml:lang
policy_marker_narrative,/iati-activities/iati-activity/policy-marker/narrative/text()
collaboration_type_code,/iati-activities/iati-activity/collaboration-type/@code
collaboration_type,/iati-activities/iati-activity/collaboration-type/text()
default_flow_type_code,/iati-activities/iati-activity/default-flow-type/@code
default_flow_type,/iati-activities/iati-activity/default-flow-type/text()
default_finance_type_code,/iati-activities/iati-activity/default-finance-type/@code
default_finance_type,/iati-activities/iati-activity/default-finance-type/text()
default_aid_type,/iati-activities/iati-activity/default-aid-type/text()
default_tied_status_code,/iati-activities/iati-activity/default-tied-status/@code
default_tied_status,/iati-activities/iati-activity/default-tied-status/text()
budget_type,/iati-activities/iati-activity/budget/@type
budget_status,/iati-activities/iati-activity/budget/@status
budget_period_start_iso_date,/iati-activities/iati-activity/budget/period-start/@iso-date
budget_period_start,/iati-activities/iati-activity/budget/period-start/text()
budget_period_end_iso_date,/iati-activities/iati-activity/budget/period-end/@iso-date
budget_period_end,/iati-activities/iati-activity/budget/period-end/text()
budget_value_currency,/iati-activities/iati-activity/budget/value/@currency
budget_value_value_date,/iati-activities/iati-activity/budget/value/@value-date
budget_value,/iati-activities/iati-activity/budget/value/text()
planned_disbursement_type,/iati-activities/iati-activity/planned-disbursement/@type
planned_disbursement_period_start_iso_date,/iati-activities/iati-activity/planned-disbursement/period-start/@iso-date
planned_disbursement_period_start,/iati-activities/iati-activity/planned-disbursement/period-start/text()
planned_disbursement_period_end_iso_date,/iati-activities/iati-activity/planned-disbursement/period-end/@iso-date
planned_disbursement_period_end,/iati-activities/iati-activity/planned-disbursement/period-end/text()
planned_disbursement_value_currency,/iati-activities/iati-activity/planned-disbursement/value/@currency
planned_disbursement_value_value_date,/iati-activities/iati-activity/planned-disbursement/value/@value-date
planned_disbursement_value,/iati-activities/iati-activity/planned-disbursement/value/text()
planned_disbursement_provider_org_ref,/iati-activities/iati-activity/planned-disbursement/provider-org/@ref
planned_disbursement_provider_org_provider_activity_id,/iati-activities/iati-activity/planned-disbursement/provider-org/@provider-activity-id
planned_disbursement_provider_org_type,/iati-activities/iati-activity/planned-disbursement/provider-org/@type
planned_disbursement_provider_org_narrative_xml:lang,/iati-activities/iati-activity/planned-disbursement/provider-org/narrative/@xml:lang
planned_disbursement_provider_org_narrative,/iati-activities/iati-activity/planned-disbursement/provider-org/narrative/text()
planned_disbursement_receiver_org_ref,/iati-activities/iati-activity/planned-disbursement/receiver-org/@ref
planned_disbursement_receiver_org_receiver_activity_id,/iati-activities/iati-activity/planned-disbursement/receiver-org/@receiver-activity-id
planned_disbursement_receiver_org_type,/iati-activities/iati-activity/planned-disbursement/receiver-org/@type
planned_disbursement_receiver_org_narrative_xml:lang,/iati-activities/iati-activity/planned-disbursement/receiver-org/narrative/@xml:lang
planned_disbursement_receiver_org_narrative,/iati-activities/iati-activity/planned-disbursement/receiver-org/narrative/text()
capital_spend_percentage,/iati-activities/iati-activity/capital-spend/@percentage
capital_spend,/iati-activities/iati-activity/capital-spend/text()
transaction_ref,/iati-activities/iati-activity/transaction/@ref
transaction_humanitarian,/iati-activities/iati-activity/transaction/@humanitarian
transaction_transaction_type_code,/iati-activities/iati-activity/transaction/transaction-type/@code
transaction_transaction_type,/iati-activities/iati-activity/transaction/transaction-type/text()
transaction_transaction_date_iso_date,/iati-activities/iati-activity/transaction/transaction-date/@iso-date
transaction_transaction_date,/iati-activities/iati-activity/transaction/transaction-date/text()
transaction_value_currency,/iati-activities/iati-activity/transaction/value/@currency
transaction_value_value_date,/iati-activities/iati-activity/transaction/value/@value-date
transaction_value,/iati-activities/iati-activity/transaction/value/text()
transaction_description_narrative_xml:lang,/iati-activities/iati-activity/transaction/description/narrative/@xml:lang
transaction_description_narrative,/iati-activities/iati-activity/transaction/description/narrative/text()
transaction_provider_org_ref,/iati-activities/iati-activity/transaction/provider-org/@ref
transaction_provider_org_provider_activity_id,/iati-activities/iati-activity/transaction/provider-org/@provider-activity-id
transaction_provider_org_type,/iati-activities/iati-activity/transaction/provider-org/@type
transaction_provider_org_narrative_xml:lang,/iati-activities/iati-activity/transaction/provider-org/narrative/@xml:lang
transaction_provider_org_narrative,/iati-activities/iati-activity/transaction/provider-org/narrative/text()
transaction_receiver_org_ref,/iati-activities/iati-activity/transaction/receiver-org/@ref
transaction_receiver_org_receiver_activity_id,/iati-activities/iati-activity/transaction/receiver-org/@receiver-activity-id
transaction_receiver_org_type,/iati-activities/iati-activity/transaction/receiver-org/@type
transaction_receiver_org_narrative_xml:lang,/iati-activities/iati-activity/transaction/receiver-org/narrative/@xml:lang
transaction_receiver_org_narrative,/iati-activities/iati-activity/transaction/receiver-org/narrative/text()
transaction_disbursement_channel_code,/iati-activities/iati-activity/transaction/disbursement-channel/@code
transaction_disbursement_channel,/iati-activities/iati-activity/transaction/disbursement-channel/text()
transaction_sector_vocabulary,/iati-activities/iati-activity/transaction/sector/@vocabulary
transaction_sector_vocabulary_uri,/iati-activities/iati-activity/transaction/sector/@vocabulary-uri
transaction_sector_code,/iati-activities/iati-activity/transaction/sector/@code
transaction_sector_percentage,/iati-activities/iati-activity/transaction/sector/@percentage
transaction_sector_narrative_xml:lang,/iati-activities/iati-activity/transaction/sector/narrative/@xml:lang
transaction_sector_narrative,/iati-activities/iati-activity/transaction/sector/narrative/text()
transaction_recipient_country_code,/iati-activities/iati-activity/transaction/recipient-country/@code
transaction_recipient_country_percentage,/iati-activities/iati-activity/transaction/recipient-country/@percentage
transaction_recipient_country_narrative_xml:lang,/iati-activities/iati-activity/transaction/recipient-country/narrative/@xml:lang
transaction_recipient_country_narrative,/iati-activities/iati-activity/transaction/recipient-country/narrative/text()
transaction_recipient_region_code,/iati-activities/iati-activity/transaction/recipient-region/@code
transaction_recipient_region_vocabulary,/iati-activities/iati-activity/transaction/recipient-region/@vocabulary
transaction_recipient_region_vocabulary_uri,/iati-activities/iati-activity/transaction/recipient-region/@vocabulary-uri
transaction_recipient_region_percentage,/iati-activities/iati-activity/transaction/recipient-region/@percentage
transaction_recipient_region_narrative_xml:lang,/iati-activities/iati-activity/transaction/recipient-region/narrative/@xml:lang
transaction_recipient_region_narrative,/iati-activities/iati-activity/transaction/recipient-region/narrative/text()
transaction_flow_type_code,/iati-activities/iati-activity/transaction/flow-type/@code
transaction_flow_type,/iati-activities/iati-activity/transaction/flow-type/text()
transaction_finance_type_code,/iati-activities/iati-activity/transaction/finance-type/@code
transaction_finance_type,/iati-activities/iati-activity/transaction/finance-type/text()
transaction_aid_type,/iati-activities/iati-activity/transaction/aid-type/text()
transaction_tied_status_code,/iati-activities/iati-activity/transaction/tied-status/@code
transaction_tied_status,/iati-activities/iati-activity/transaction/tied-status/text()
document_link_url,/iati-activities/iati-activity/document-link/@url
document_link_format,/iati-activities/iati-activity/document-link/@format
document_link_title,/iati-activities/iati-activity/document-link/title/text()
document_link_description_narrative_xml:lang,/iati-activities/iati-activity/document-link/description/narrative/@xml:lang
document_link_description_narrative,/iati-activities/iati-activity/document-link/description/narrative/text()
document_link_category_code,/iati-activities/iati-activity/document-link/category/@code
document_link_category,/iati-activities/iati-activity/document-link/category/text()
document_link_language_code,/iati-activities/iati-activity/document-link/language/@code
document_link_language,/iati-activities/iati-activity/document-link/language/text()
document_link_document_date_iso_date,/iati-activities/iati-activity/document-link/document-date/@iso-date
document_link_document_date,/iati-activities/iati-activity/document-link/document-date/text()
related_activity_ref,/iati-activities/iati-activity/related-activity/@ref
related_activity_type,/iati-activities/iati-activity/related-activity/@type
related_activity,/iati-activities/iati-activity/related-activity/text()
legacy_data_name,/iati-activities/iati-activity/legacy-data/@name
legacy_data_value,/iati-activities/iati-activity/legacy-data/@value
legacy_data_iati_equivalent,/iati-activities/iati-activity/legacy-data/@iati-equivalent
legacy_data,/iati-activities/iati-activity/legacy-data/text()
conditions_attached,/iati-activities/iati-activity/conditions/@attached
conditions_condition_type,/iati-activities/iati-activity/conditions/condition/@type
conditions_condition_narrative_xml:lang,/iati-activities/iati-activity/conditions/condition/narrative/@xml:lang
conditions_condition_narrative,/iati-activities/iati-activity/conditions/condition/narrative/text()
result_type,/iati-activities/iati-activity/result/@type
result_aggregation_status,/iati-activities/iati-activity/result/@aggregation-status
result_title,/iati-activities/iati-activity/result/title/text()
result_description_type,/iati-activities/iati-activity/result/description/@type
result_description_narrative_xml:lang,/iati-activities/iati-activity/result/description/narrative/@xml:lang
result_description_narrative,/iati-activities/iati-activity/result/description/narrative/text()
result_document_link,/iati-activities/iati-activity/result/document-link/text()
result_reference_code,/iati-activities/iati-activity/result/reference/@code
result_reference_vocabulary,/iati-activities/iati-activity/result/reference/@vocabulary
result_reference_vocabulary_uri,/iati-activities/iati-activity/result/reference/@vocabulary-uri
result_reference,/iati-activities/iati-activity/result/reference/text()
result_indicator_measure,/iati-activities/iati-activity/result/indicator/@measure
result_indicator_ascending,/iati-activities/iati-activity/result/indicator/@ascending
result_indicator_aggregation_status,/iati-activities/iati-activity/result/indicator/@aggregation-status
result_indicator_title,/iati-activities/iati-activity/result/indicator/title/text()
result_indicator_description_type,/iati-activities/iati-activity/result/indicator/description/@type
result_indicator_description_narrative_xml:lang,/iati-activities/iati-activity/result/indicator/description/narrative/@xml:lang
result_indicator_description_narrative,/iati-activities/iati-activity/result/indicator/description/narrative/text()
result_indicator_document_link,/iati-activities/iati-activity/result/indicator/document-link/text()
result_indicator_reference_code,/iati-activities/iati-activity/result/indicator/reference/@code
result_indicator_reference_vocabulary,/iati-activities/iati-activity/result/indicator/reference/@vocabulary
result_indicator_reference_vocabulary_uri,/iati-activities/iati-activity/result/indicator/reference/@vocabulary-uri
result_indicator_reference,/iati-activities/iati-activity/result/indicator/reference/text()
result_indicator_baseline_iso_date,/iati-activities/iati-activity/result/indicator/baseline/@iso-date
result_indicator_baseline_year,/iati-activities/iati-activity/result/indicator/baseline/@year
result_indicator_baseline_value,/iati-activities/iati-activity/result/indicator/baseline/@value
result_indicator_baseline_location_ref,/iati-activities/iati-activity/result/indicator/baseline/location/@ref
result_indicator_baseline_location_location_reach_code,/iati-activities/iati-activity/result/indicator/baseline/location/location-reach/@code
result_indicator_baseline_location_location_reach,/iati-activities/iati-activity/result/indicator/baseline/location/location-reach/text()
result_indicator_baseline_location_location_id_code,/iati-activities/iati-activity/result/indicator/baseline/location/location-id/@code
result_indicator_baseline_location_location_id_vocabulary,/iati-activities/iati-activity/result/indicator/baseline/location/location-id/@vocabulary
result_indicator_baseline_location_location_id,/iati-activities/iati-activity/result/indicator/baseline/location/location-id/text()
result_indicator_baseline_location_name_narrative_xml:lang,/iati-activities/iati-activity/result/indicator/baseline/location/name/narrative/@xml:lang
result_indicator_baseline_location_name_narrative,/iati-activities/iati-activity/result/indicator/baseline/location/name/narrative/text()
result_indicator_baseline_location_description_narrative_xml:lang,/iati-activities/iati-activity/result/indicator/baseline/location/description/narrative/@xml:lang
result_indicator_baseline_location_description_narrative,/iati-activities/iati-activity/result/indicator/baseline/location/description/narrative/text()
result_indicator_baseline_location_activity_description_narrative_xml:lang,/iati-activities/iati-activity/result/indicator/baseline/location/activity-description/narrative/@xml:lang
result_indicator_baseline_location_activity_description_narrative,/iati-activities/iati-activity/result/indicator/baseline/location/activity-description/narrative/text()
result_indicator_baseline_location_administrative_code,/iati-activities/iati-activity/result/indicator/baseline/location/administrative/@code
result_indicator_baseline_location_administrative_vocabulary,/iati-activities/iati-activity/result/indicator/baseline/location/administrative/@vocabulary
result_indicator_baseline_location_administrative_level,/iati-activities/iati-activity/result/indicator/baseline/location/administrative/@level
result_indicator_baseline_location_administrative,/iati-activities/iati-activity/result/indicator/baseline/location/administrative/text()
result_indicator_baseline_location_point_srsName,/iati-activities/iati-activity/result/indicator/baseline/location/point/@srsName
result_indicator_baseline_location_point_pos,/iati-activities/iati-activity/result/indicator/baseline/location/point/pos/text()
result_indicator_baseline_location_exactness_code,/iati-activities/iati-activity/result/indicator/baseline/location/exactness/@code
result_indicator_baseline_location_exactness,/iati-activities/iati-activity/result/indicator/baseline/location/exactness/text()
result_indicator_baseline_location_location_class_code,/iati-activities/iati-activity/result/indicator/baseline/location/location-class/@code
result_indicator_baseline_location_location_class,/iati-activities/iati-activity/result/indicator/baseline/location/location-class/text()
result_indicator_baseline_location_feature_designation_code,/iati-activities/iati-activity/result/indicator/baseline/location/feature-designation/@code
result_indicator_baseline_location_feature_designation,/iati-activities/iati-activity/result/indicator/baseline/location/feature-designation/text()
result_indicator_baseline_dimension_name,/iati-activities/iati-activity/result/indicator/baseline/dimension/@name
result_indicator_baseline_dimension_value,/iati-activities/iati-activity/result/indicator/baseline/dimension/@value
result_indicator_baseline_dimension,/iati-activities/iati-activity/result/indicator/baseline/dimension/text()
result_indicator_baseline_document_link,/iati-activities/iati-activity/result/indicator/baseline/document-link/text()
result_indicator_baseline_comment,/iati-activities/iati-activity/result/indicator/baseline/comment/text()
result_indicator_period_period_start_iso_date,/iati-activities/iati-activity/result/indicator/period/period-start/@iso-date
result_indicator_period_period_start,/iati-activities/iati-activity/result/indicator/period/period-start/text()
result_indicator_period_period_end_iso_date,/iati-activities/iati-activity/result/indicator/period/period-end/@iso-date
result_indicator_period_period_end,/iati-activities/iati-activity/result/indicator/period/period-end/text()
result_indicator_period_target_value,/iati-activities/iati-activity/result/indicator/period/target/@value
result_indicator_period_target_location_ref,/iati-activities/iati-activity/result/indicator/period/target/location/@ref
result_indicator_period_target_location_location_reach_code,/iati-activities/iati-activity/result/indicator/period/target/location/location-reach/@code
result_indicator_period_target_location_location_reach,/iati-activities/iati-activity/result/indicator/period/target/location/location-reach/text()
result_indicator_period_target_location_location_id_code,/iati-activities/iati-activity/result/indicator/period/target/location/location-id/@code
result_indicator_period_target_location_location_id_vocabulary,/iati-activities/iati-activity/result/indicator/period/target/location/location-id/@vocabulary
result_indicator_period_target_location_location_id,/iati-activities/iati-activity/result/indicator/period/target/location/location-id/text()
result_indicator_period_target_location_name_narrative_xml:lang,/iati-activities/iati-activity/result/indicator/period/target/location/name/narrative/@xml:lang
result_indicator_period_target_location_name_narrative,/iati-activities/iati-activity/result/indicator/period/target/location/name/narrative/text()
result_indicator_period_target_location_description_narrative_xml:lang,/iati-activities/iati-activity/result/indicator/period/target/location/description/narrative/@xml:lang
result_indicator_period_target_location_description_narrative,/iati-activities/iati-activity/result/indicator/period/target/location/description/narrative/text()
result_indicator_period_target_location_activity_description_narrative_xml:lang,/iati-activities/iati-activity/result/indicator/period/target/location/activity-description/narrative/@xml:lang
result_indicator_period_target_location_activity_description_narrative,/iati-activities/iati-activity/result/indicator/period/target/location/activity-description/narrative/text()
result_indicator_period_target_location_administrative_code,/iati-activities/iati-activity/result/indicator/period/target/location/administrative/@code
result_indicator_period_target_location_administrative_vocabulary,/iati-activities/iati-activity/result/indicator/period/target/location/administrative/@vocabulary
result_indicator_period_target_location_administrative_level,/iati-activities/iati-activity/result/indicator/period/target/location/administrative/@level
result_indicator_period_target_location_administrative,/iati-activities/iati-activity/result/indicator/period/target/location/administrative/text()
result_indicator_period_target_location_point_srsName,/iati-activities/iati-activity/result/indicator/period/target/location/point/@srsName
result_indicator_period_target_location_point_pos,/iati-activities/iati-activity/result/indicator/period/target/location/point/pos/text()
result_indicator_period_target_location_exactness_code,/iati-activities/iati-activity/result/indicator/period/target/location/exactness/@code
result_indicator_period_target_location_exactness,/iati-activities/iati-activity/result/indicator/period/target/location/exactness/text()
result_indicator_period_target_location_location_class_code,/iati-activities/iati-activity/result/indicator/period/target/location/location-class/@code
result_indicator_period_target_location_location_class,/iati-activities/iati-activity/result/indicator/period/target/location/location-class/text()
result_indicator_period_target_location_feature_designation_code,/iati-activities/iati-activity/result/indicator/period/target/location/feature-designation/@code
result_indicator_period_target_location_feature_designation,/iati-activities/iati-activity/result/indicator/period/target/location/feature-designation/text()
result_indicator_period_target_dimension_name,/iati-activities/iati-activity/result/indicator/period/target/dimension/@name
result_indicator_period_target_dimension_value,/iati-activities/iati-activity/result/indicator/period/target/dimension/@value
result_indicator_period_target_dimension,/iati-activities/iati-activity/result/indicator/period/target/dimension/text()
result_indicator_period_target_comment,/iati-activities/iati-activity/result/indicator/period/target/comment/text()
result_indicator_period_target_document_link,/iati-activities/iati-activity/result/indicator/period/target/document-link/text()
result_indicator_period_actual_value,/iati-activities/iati-activity/result/indicator/period/actual/@value
result_indicator_period_actual_location_ref,/iati-activities/iati-activity/result/indicator/period/actual/location/@ref
result_indicator_period_actual_location_location_reach_code,/iati-activities/iati-activity/result/indicator/period/actual/location/location-reach/@code
result_indicator_period_actual_location_location_reach,/iati-activities/iati-activity/result/indicator/period/actual/location/location-reach/text()
result_indicator_period_actual_location_location_id_code,/iati-activities/iati-activity/result/indicator/period/actual/location/location-id/@code
result_indicator_period_actual_location_location_id_vocabulary,/iati-activities/iati-activity/result/indicator/period/actual/location/location-id/@vocabulary
result_indicator_period_actual_location_location_id,/iati-activities/iati-activity/result/indicator/period/actual/location/location-id/text()
result_indicator_period_actual_location_name_narrative_xml:lang,/iati-activities/iati-activity/result/indicator/period/actual/location/name/narrative/@xml:lang
result_indicator_period_actual_location_name_narrative,/iati-activities/iati-activity/result/indicator/period/actual/location/name/narrative/text()
result_indicator_period_actual_location_description_narrative_xml:lang,/iati-activities/iati-activity/result/indicator/period/actual/location/description/narrative/@xml:lang
result_indicator_period_actual_location_description_narrative,/iati-activities/iati-activity/result/indicator/period/actual/location/description/narrative/text()
result_indicator_period_actual_location_activity_description_narrative_xml:lang,/iati-activities/iati-activity/result/indicator/period/actual/location/activity-description/narrative/@xml:lang
result_indicator_period_actual_location_activity_description_narrative,/iati-activities/iati-activity/result/indicator/period/actual/location/activity-description/narrative/text()
result_indicator_period_actual_location_administrative_code,/iati-activities/iati-activity/result/indicator/period/actual/location/administrative/@code
result_indicator_period_actual_location_administrative_vocabulary,/iati-activities/iati-activity/result/indicator/period/actual/location/administrative/@vocabulary
result_indicator_period_actual_location_administrative_level,/iati-activities/iati-activity/result/indicator/period/actual/location/administrative/@level
result_indicator_period_actual_location_administrative,/iati-activities/iati-activity/result/indicator/period/actual/location/administrative/text()
result_indicator_period_actual_location_point_srsName,/iati-activities/iati-activity/result/indicator/period/actual/location/point/@srsName
result_indicator_period_actual_location_point_pos,/iati-activities/iati-activity/result/indicator/period/actual/location/point/pos/text()
result_indicator_period_actual_location_exactness_code,/iati-activities/iati-activity/result/indicator/period/actual/location/exactness/@code
result_indicator_period_actual_location_exactness,/iati-activities/iati-activity/result/indicator/period/actual/location/exactness/text()
result_indicator_period_actual_location_location_class_code,/iati-activities/iati-activity/result/indicator/period/actual/location/location-class/@code
result_indicator_period_actual_location_location_class,/iati-activities/iati-activity/result/indicator/period/actual/location/location-class/text()
result_indicator_period_actual_location_feature_designation_code,/iati-activities/iati-activity/result/indicator/period/actual/location/feature-designation/@code
result_indicator_period_actual_location_feature_designation,/iati-activities/iati-activity/result/indicator/period/actual/location/feature-designation/text()
result_indicator_period_actual_dimension_name,/iati-activities/iati-activity/result/indicator/period/actual/dimension/@name
result_indicator_period_actual_dimension_value,/iati-activities/iati-activity/result/indicator/period/actual/dimension/@value
result_indicator_period_actual_dimension,/iati-activities/iati-activity/result/indicator/period/actual/dimension/text()
result_indicator_period_actual_comment,/iati-activities/iati-activity/result/indicator/period/actual/comment/text()
result_indicator_period_actual_document_link,/iati-activities/iati-activity/result/indicator/period/actual/document-link/text()
crs_add_other_flags_code,/iati-activities/iati-activity/crs-add/other-flags/@code
crs_add_other_flags_significance,/iati-activities/iati-activity/crs-add/other-flags/@significance
crs_add_other_flags,/iati-activities/iati-activity/crs-add/other-flags/text()
crs_add_loan_terms_rate_1,/iati-activities/iati-activity/crs-add/loan-terms/@rate-1
crs_add_loan_terms_rate_2,/iati-activities/iati-activity/crs-add/loan-terms/@rate-2
crs_add_loan_terms_repayment_type_code,/iati-activities/iati-activity/crs-add/loan-terms/repayment-type/@code
crs_add_loan_terms_repayment_type,/iati-activities/iati-activity/crs-add/loan-terms/repayment-type/text()
crs_add_loan_terms_repayment_plan_code,/iati-activities/iati-activity/crs-add/loan-terms/repayment-plan/@code
crs_add_loan_terms_repayment_plan,/iati-activities/iati-activity/crs-add/loan-terms/repayment-plan/text()
crs_add_loan_terms_commitment_date_iso_date,/iati-activities/iati-activity/crs-add/loan-terms/commitment-date/@iso-date
crs_add_loan_terms_commitment_date,/iati-activities/iati-activity/crs-add/loan-terms/commitment-date/text()
crs_add_loan_terms_repayment_first_date_iso_date,/iati-activities/iati-activity/crs-add/loan-terms/repayment-first-date/@iso-date
crs_add_loan_terms_repayment_first_date,/iati-activities/iati-activity/crs-add/loan-terms/repayment-first-date/text()
crs_add_loan_terms_repayment_final_date_iso_date,/iati-activities/iati-activity/crs-add/loan-terms/repayment-final-date/@iso-date
crs_add_loan_terms_repayment_final_date,/iati-activities/iati-activity/crs-add/loan-terms/repayment-final-date/text()
crs_add_loan_status_year,/iati-activities/iati-activity/crs-add/loan-status/@year
crs_add_loan_status_interest_received,/iati-activities/iati-activity/crs-add/loan-status/interest-received/text()
crs_add_loan_status_principal_outstanding,/iati-activities/iati-activity/crs-add/loan-status/principal-outstanding/text()
crs_add_loan_status_principal_arrears,/iati-activities/iati-activity/crs-add/loan-status/principal-arrears/text()
crs_add_loan_status_interest_arrears,/iati-activities/iati-activity/crs-add/loan-status/interest-arrears/text()
crs_add_channel_code,/iati-activities/iati-activity/crs-add/channel-code/text()
fss_extraction_date,/iati-activities/iati-activity/fss/@extraction-date
fss_priority,/iati-activities/iati-activity/fss/@priority
fss_phaseout_year,/iati-activities/iati-activity/fss/@phaseout-year
fss_forecast,/iati-activities/iati-activity/fss/forecast/text()
